SNP	A1	A2	BETA	P
rs5747999	C	A	-0.03254498090874163	0.0992977827106785
rs874836	A	G	0.003656454181709014	0.8530845978738438
rs7293026	T	C	-0.015452307732995886	0.4338650162685779
rs8136206	C	A	-0.011181950469143807	0.5711768434192104
rs9618937	A	G	0.024206273482269853	0.22021869988883536
rs917838	C	T	0.01097553557711882	0.5783030789783874
rs879577	T	C	-0.019521581810209743	0.32281645440351137
rs5748883	C	T	-0.021330810268864717	0.28000123328787885
rs4819558	T	C	-0.04152809114569019	0.035446140438885415
rs5994175	T	G	0.07440289562717398	0.00016443135644239962
rs740422	T	C	-0.030207155230837713	0.12604979680852146
rs5748926	T	C	-0.03625785935899845	0.06631191819329225
rs1076102	G	A	-0.007179786859404838	0.7161371162277529
rs5992637	A	C	0.0161465298849039	0.4134974451565898
rs1076106	C	A	0.01678469437609183	0.3952835221532921
rs362129	G	A	0.02221973384732195	0.26044632344034213
rs5747037	A	G	-0.0026758130580827023	0.8922017242805809
rs9605246	C	T	-0.009082058752320885	0.6455389061369781
rs11704699	G	T	-0.014955661966949507	0.44878516199588014
rs12160031	A	G	-0.008192671113884765	0.6781970855592537
rs2040692	T	C	-0.00640743002565588	0.7455522510995302
rs5746359	T	C	-0.03634612835008489	0.0656538337210101
rs5747103	T	C	0.05241342664592546	0.007942099101184848
rs1981533	G	T	0.00036265571686059755	0.9853460786321341
rs2157720	T	C	0.02482020258286307	0.2087392469158561
rs2522288	C	T	0.02685075930542026	0.1738682283310411
rs5747211	A	G	-0.031377871218074053	0.11202465792597736
rs174306	G	A	-0.0368665223288451	0.06188265583313586
rs174330	T	C	-0.0005216933995447808	0.9789210700582963
rs1974713	C	T	-0.013560715952080304	0.4922127391956045
rs174335	A	G	-0.0423899394454624	0.03180334377085868
rs1296795	G	A	0.05934844030649199	0.002649258769627074
rs1080199	T	C	0.03572552645303299	0.07039681568419807
rs5747339	T	C	-0.0026550906384188223	0.8930315120580359
rs181408	T	C	0.04564790682458532	0.020784512953804
rs738095	T	C	-0.023411387898426464	0.23574508119399118
rs408656	T	C	0.009657266658680077	0.6247707058825741
rs7675	T	C	-0.020153862832753333	0.3073922857670903
rs382013	A	G	0.009211865868453583	0.6408271738237993
rs390041	T	C	-0.012852340147930805	0.515099794452857
rs2277831	G	A	-0.0032312113682525473	0.8700087447387139
rs2587109	C	T	-0.028587435021727056	0.14766338438476584
rs1076113	T	C	-0.030737143710562357	0.1195397985348582
rs4819647	A	G	-0.0062673262436256675	0.7509295360183104
rs5746497	A	G	0.024278267765603805	0.21884955306439036
rs424765	T	C	0.040319955845039154	0.04114780265854494
rs5992962	G	A	-0.02898370025734268	0.14213042962715589
rs390495	T	G	0.030094472022711375	0.1274688759785413
rs2034299	G	A	-0.016716192178076458	0.3972150966810546
rs462904	T	G	-0.023196986962953397	0.24006248073608738
rs458888	T	C	-0.03600320290462386	0.06824100517768189
rs460036	T	C	-0.008012793732109615	0.6848788438702851
rs5992985	T	C	0.03592452361215198	0.06884626768021809
rs17809705	T	C	0.0554689281698348	0.004965400689917166
rs3827281	T	C	0.006729899473197415	0.7332230283944534
rs362043	T	G	-0.009461939577686759	0.6317908240940722
rs9618203	A	G	0.030586789988134577	0.12135928442683823
rs2540620	C	A	-0.02688687240009694	0.17329007346617165
rs2252257	A	G	9.991343100463661e-05	0.99596256293549
rs4819756	A	G	-0.0008727434429590898	0.964744332242405
rs759406	T	C	-0.013400753473405904	0.4973328653301142
rs5993445	C	T	-0.0007252579173616733	0.9706992608553624
rs1210638	T	C	0.003743341846390189	0.8496346156265969
rs737923	G	A	0.025310279379100516	0.19989173294884743
rs715544	A	G	0.020001631211704098	0.31106054542016615
rs4819778	T	C	0.027542775545979274	0.16303794410360328
rs12484562	G	T	-0.043341405450926664	0.028159192827477305
rs4819782	G	A	0.0384825491848774	0.05129774067188105
rs1061325	T	C	-0.04357202538634194	0.02733213469344723
rs9605957	G	A	-0.019258110139357305	0.3293901704185145
rs712952	A	G	0.054795121524387765	0.005517721027335185
rs807459	C	T	0.054795121524387765	0.005517721027335185
rs2078750	C	T	-0.0789701801774522	6.347370014074145e-05
rs982520	T	C	0.005130612704146934	0.7949840059359418
rs737810	A	G	0.016836716425404956	0.3938204425121201
rs5748239	C	T	0.02763179772767584	0.16168248631673232
rs2157727	C	T	0.033193105989484384	0.09274497390988191
rs5993715	G	T	-0.05624980445789208	0.004388197791083664
rs9617814	G	A	-0.029672618547072656	0.13289207914040843
rs1476445	T	C	-0.01023417167358033	0.6042363401258903
rs2871039	T	C	0.008674156387965757	0.6604370440736042
rs1985884	G	A	0.017874229945651184	0.36533020742696687
rs5748391	A	G	0.008237124526192033	0.6765496780127449
rs1015939	T	C	-0.02302454545308144	0.24357515147047004
rs9606146	C	A	-0.034263536360166345	0.08268676030084993
rs4819841	A	G	0.03990237714019951	0.04329125983106674
rs4819522	T	C	-0.018879793314358247	0.33897989590643607
rs5746826	T	G	0.02880174618878482	0.14465091399758137
rs2269726	C	T	0.02765289759987514	0.16136246900453677
rs7285519	A	G	0.028485116370009483	0.14911843296518695
rs11705143	A	C	-0.022661044485412833	0.25109764072168606
rs3788314	A	G	-0.002499895685717336	0.8992496441277686
rs3788317	T	G	0.004518570489813465	0.8189880306707428
rs756661	G	A	0.016679603960792405	0.3982491124945149
rs11541479	A	G	-0.0016344783880272498	0.9340268594476095
rs737866	C	T	-0.015697119657215597	0.42661720250971047
rs5993883	T	G	0.005740982055636325	0.7712373303762353
rs4646312	C	T	0.0072714767903658845	0.7126719416070147
rs4633	C	T	0.017366960236500945	0.37909549447115576
rs2239393	G	A	0.012194522953306197	0.5368379073429254
rs4680	G	A	0.018811678297480594	0.3407253468616388
rs4646316	T	C	-0.023740519031976826	0.22922475033175793
rs174699	C	T	-0.0061559919192611424	0.7552112858729193
rs9332377	T	C	0.04808293187512312	0.014883562799202768
rs165815	C	T	-0.014848590606596051	0.45203952369198774
rs1990277	A	G	-0.004808689857246784	0.8075870367391207
rs917479	G	T	-0.028166407770190718	0.1537208730028731
rs2518829	A	G	0.004475905420049007	0.8206679602173615
rs405342	A	G	0.0320945199086442	0.1040659495969123
rs7285397	G	A	0.03824490314526301	0.05275208806847114
rs417309	A	G	-0.004250070669456354	0.829573694425887
rs1633445	C	T	-0.05446971499572584	0.005803819743311445
rs9605074	A	G	-0.03057052178091779	0.1215574437333185
rs28384	T	C	0.0051326314505611755	0.7949051384156975
rs75766	C	A	-0.0032768948127176603	0.8681875990869765
rs701446	C	T	0.0060261009559940395	0.7602162094039097
rs730669	T	C	0.008406882678832337	0.6702728672234858
rs759577	G	A	-0.023280844929515942	0.23836724047502422
rs12169202	T	C	0.0098240878383282	0.6188019062681354
rs2280117	T	C	-0.07438116411482197	0.000165157687974572
rs361640	G	A	-0.052737875840076796	0.00756361364462785
rs738084	A	G	0.03050730649580135	0.1223298574649972
rs361988	C	T	0.02095772082842739	0.2884985510135428
rs7291930	G	A	0.021468474865452458	0.276909237440073
rs886319	C	T	0.04911835143114803	0.012859396303448206
rs5758468	C	A	0.001287539445994422	0.9480079913839998
rs165626	A	G	-0.015962125403358264	0.4188516769515527
rs17818796	G	A	-0.012104439789357333	0.5398502958924929
rs759224	A	G	-0.003812309872660596	0.8468981998099219
rs658793	T	C	0.02421374766436511	0.22007627490826875
rs1339959	G	A	0.031990478942010604	0.10519268699610146
rs5751684	G	A	0.043610343068964684	0.027196768694357776
rs2018682	C	T	-0.014277695111387713	0.4696149440669811
rs756875	A	G	0.023423600507332866	0.2355008199424521
rs178285	C	T	-0.02689720301150723	0.17312494950276947
rs2239961	A	G	-0.016347260130058133	0.40771550062278705
rs9625334	A	C	0.01715984446644221	0.3848063562647638
rs12627919	A	C	-0.022660289633247017	0.25111342889193855
rs5762105	T	C	-0.040264505743846005	0.041427150486678395
rs408718	C	T	-0.028530062304310547	0.14847792563267118
rs400946	T	C	-0.04522645534344861	0.021990534785399883
rs421390	C	A	-0.0017468408985778902	0.9295029640095337
rs460106	T	C	-0.00010040826369612008	0.9959425672387123
rs5754217	T	G	-0.0003728565240335934	0.9849339403556177
rs447001	T	C	-0.0033355005141718326	0.8658523397680808
rs710172	A	G	0.01559540137864869	0.4296200284937155
rs5999264	T	C	0.04688218736531738	0.01757810401858684
rs8136867	G	A	-0.01586736469940071	0.4216188721969172
rs8143081	G	A	0.012219577590607681	0.5360015830659309
rs239927	T	C	0.0009150156175130741	0.9630378836398379
rs1016548	G	A	0.004595093394594758	0.8159770404260696
rs5757247	C	T	-0.0010771599568701494	0.9564940584759997
rs4145536	T	G	-0.052389603273619724	0.007970547509109985
rs8141482	C	T	0.03670192928400019	0.06305554405372503
rs1475930	C	T	-0.009002966083254427	0.6484168142856124
rs737885	G	T	0.0034543183032048896	0.8611214250049221
rs394409	G	A	-0.0012516815566903795	0.9494539990739341
rs463235	T	C	-0.015725507018917808	0.4257813682435023
rs915613	A	G	-0.03612539036070779	0.06730972219055104
rs5751592	T	C	0.019143592400172674	0.33227428279771665
rs762601	A	G	0.05174827599738737	0.008771487369207513
rs7288846	C	T	-0.06174552394978768	0.0017650789426991128
rs9608102	T	C	0.014698408031464697	0.45662662006662147
rs5759742	G	A	0.049723236944698566	0.011793135232666514
rs9612334	A	G	0.0640461096197549	0.0011800106741528917
rs2330452	A	G	0.0179110041188239	0.3643445839956806
rs4822406	C	A	0.014388898676488533	0.46616212539708135
rs4822416	G	A	-0.03434638635728294	0.081946639245133
rs4822422	A	G	0.041014576917938056	0.03778151236612798
rs738781	G	A	0.05422268898705324	0.006029862888059774
rs4822423	C	T	0.00836220424414947	0.67192264489141
rs131429	T	C	-0.04226499363796844	0.032310696322363344
rs7288250	C	T	-0.01798137671252397	0.36246309266470056
rs3827318	G	A	0.021731127368818076	0.2710747209719123
rs9306387	T	C	-0.04574705165471052	0.020509323752446854
rs6519460	G	A	0.030212793315536286	0.1259791179935373
rs2330579	C	T	-0.04811341094688506	0.014820184148312165
rs2070446	C	T	-0.05717095472029882	0.0037859073368917695
rs1007298	T	C	-0.05166105152747996	0.008885802081812872
rs6003847	T	G	0.019131302786037183	0.3325847613469539
rs6003849	A	G	-0.03173621467599784	0.10798706074142259
rs1076123	C	T	0.04233876306476202	0.03201031769831676
rs2298375	A	G	-0.01644177511998954	0.4050098084141842
rs738800	C	A	0.014450347421198629	0.4642602337853099
rs738803	A	G	0.04384137922915466	0.02639278019716133
rs2330625	G	A	0.017090315843022688	0.3867352216558767
rs2236620	T	C	-0.056674427770359206	0.004100522023979851
rs738806	A	G	0.013816923277163572	0.4840712437164576
rs5760093	G	A	0.016441033580288672	0.40503099469486703
rs1007888	C	T	0.04474245971894931	0.023450222035255958
rs4822461	G	T	-0.004696607625048057	0.8119868984604368
rs6004011	G	T	0.026647420579925484	0.17715051606896626
rs5760189	T	C	-0.00951024526517614	0.6300515768829266
rs6004094	C	T	0.04250103382814691	0.031357987914911956
rs3788372	G	A	-0.00422437635983362	0.8305883544916812
rs6004179	T	C	0.05365314619116123	0.006581531519747931
rs9704	A	G	0.05292021162819595	0.00735808240233691
rs5751902	T	C	-0.05560990507373005	0.0048563685812932226
rs9612740	A	G	0.04254381973371236	0.031187900262338607
rs2007382	A	G	-0.04951814701065713	0.012145529188207795
rs131476	T	C	-0.028559257725464443	0.1480629998899892
rs1001445	A	C	0.004316647392953217	0.8269459270567816
rs5751997	C	T	0.0034276248984572493	0.8621838367222647
rs139606	G	T	-0.01680099417503947	0.39482474995798233
rs139622	T	C	-0.08435892555260881	1.9335623670722376e-05
rs1883993	A	G	0.03570344435796653	0.07057062739939972
rs5760680	A	G	-0.03462155204941049	0.07952698919857744
rs9608342	T	C	0.04144449919976988	0.035817692216801075
rs7288359	A	G	0.023346976606277152	0.23703632072440517
rs139633	T	C	0.020312101398976806	0.30360975768580545
rs139662	G	A	0.00832159526090225	0.6734235280472975
rs6004338	A	C	-0.020092771202199784	0.30886092969034107
rs139724	G	A	-0.034293510788318785	0.08241836770688186
rs2877253	T	G	-0.0058883342892339435	0.7655355849094521
rs2073201	A	G	-0.0309573127146491	0.11691409629805682
rs139735	C	A	0.04133028739883615	0.03633070958417715
rs11914055	T	C	-0.028110002550768915	0.154546544658059
rs5760738	T	C	0.0074394320894152245	0.7063399248270819
rs11090362	A	G	0.021160993372033435	0.2838475883443461
rs2294371	A	G	0.007700901216890671	0.6965228474212091
rs4820621	T	C	-0.029622454035122387	0.13354868666411435
rs9612907	T	G	-0.007050656225792389	0.7210271779367721
rs5996945	T	C	-0.014557049467663839	0.46096799825105306
rs1467387	C	T	0.03709153112292517	0.06030851329193186
rs542162	C	T	0.002647982149665113	0.8933161842706907
rs2331111	T	C	0.035677651339815944	0.07077409393089829
rs5752196	A	G	-0.005577402059487213	0.7775814975651875
rs10212011	A	G	0.057649106126278805	0.0035038336145925427
rs133860	T	C	-0.01764291692226893	0.37156797862654
rs133885	A	G	0.0007669953339033995	0.9690138757399256
rs8142661	C	T	-0.07094103228287771	0.00032705904940511714
rs6004774	T	C	-0.059855287523224034	0.0024340588002419597
rs9624909	T	C	-0.0776059180300718	8.47989956082934e-05
rs7286591	G	A	-0.022857317850990447	0.2470159543066528
rs5996988	A	G	-0.051179028518822355	0.00954185708437499
rs9624920	G	A	-0.05588330690304441	0.004651071316722625
rs695427	G	A	0.034693445348663914	0.07890446353845658
rs739281	C	T	-0.04907024727671423	0.01294774482222064
rs695430	A	G	0.014285597900699706	0.46936910044825186
rs739282	C	T	-0.04496506890842074	0.022768723154614916
rs5761308	G	A	0.0030599262159246065	0.876842997152161
rs5761313	T	G	-0.008276388390255402	0.6750958769810389
rs9613037	A	G	-0.007027320524151036	0.7219121051854173
rs1013815	T	G	0.00960068207744489	0.6268009108895316
rs9306419	T	C	-0.016013563822324977	0.4173540614743386
rs8139900	G	A	0.004108366434587171	0.8351730429407442
rs7288885	G	A	0.0001294293973614392	0.9947698569784664
rs6004913	G	A	-0.026096113823387376	0.18628162072950982
rs11090428	T	C	0.03089147511655542	0.11769447495590697
rs134703	G	A	-0.025837050456588184	0.19069060957142625
rs9608458	A	G	0.07271269611351205	0.00023087199122849802
rs134709	T	C	0.032768443138201236	0.09699797414869023
rs6519640	G	A	0.06475301227406265	0.0010400227089460668
rs134748	G	T	0.005324359570897988	0.7874244486077459
rs713738	C	A	0.006831753858738565	0.7293428364618493
rs5752300	T	C	-0.00024370101834635287	0.9901524076144909
rs137190	A	G	0.019153825751838608	0.3320158955333077
rs1210894	C	A	-0.01767030241814127	0.37082605067456154
rs581562	A	G	0.029984701752694114	0.128863191245622
rs3788378	A	G	-0.006299974328896286	0.7496753863471477
rs5761487	G	A	0.01806466616002415	0.3602441331375458
rs655581	T	C	0.04009837023146837	0.04227374413915113
rs654245	G	A	-0.015542932850822812	0.4311737406133571
rs667577	A	G	0.0355200379449883	0.07202789236051395
rs627229	T	C	-0.036274561747921444	0.06618697932242719
rs2226691	A	G	0.001636896324500874	0.9339294864723433
rs8140344	A	C	-0.011134325105262249	0.5728173402249535
rs5761524	C	T	-0.007969258110444199	0.6864997634247968
rs134145	A	G	-0.01934277202135375	0.32726843273016126
rs134157	T	C	-0.01564642308355648	0.4281122841395073
rs3088103	C	T	-0.03379254145514395	0.08699783812151977
rs9613208	T	C	-0.04242538256438871	0.03166067371204194
rs4822743	G	A	-0.05374202105335901	0.006492561392570073
rs2071862	A	G	0.03144692497515503	0.11123747619053208
rs6005101	T	C	0.04358813402883819	0.02727515655720454
rs5997110	C	T	0.026909565083770518	0.17292750939173873
rs5761655	G	A	-0.061355767808821675	0.0018873206312633895
rs739310	G	A	0.026583693314896906	0.1781886404964198
rs7284198	C	T	0.011225193794855577	0.5696892292948414
rs5752378	A	G	-0.005087150541560007	0.7966824739586886
rs5752388	C	T	-0.002747233819176524	0.8893427328667737
rs6005150	C	T	0.03497685305395827	0.0764889376442843
rs1015067	T	C	0.009307827760326178	0.637353221396251
rs6005159	G	A	-0.00150323402560465	0.9393136572680211
rs4820706	A	C	-0.001507719647219905	0.9391329215445365
rs2285155	T	C	-0.0076304632846747366	0.6991625825498862
rs4822799	C	T	0.018962840801711105	0.33685957607509576
rs4822801	T	G	-0.005615015065910006	0.7761214116850951
rs1476033	T	C	0.035640996728805205	0.07106406879825312
rs720914	A	G	-0.0347958404165	0.07802467201166931
rs5761777	T	C	-0.0574754536092404	0.0036039856981392045
rs136504	C	T	-0.029746256023688914	0.13193276281316663
rs136519	T	C	-0.07233516656075283	0.00024881701681721085
rs136531	G	A	0.030764707708677626	0.11920856647215934
rs6005232	A	G	0.008116309324278393	0.6810305819313739
rs5752447	A	C	-0.011004731322423753	0.5772925954734269
rs5761863	A	G	-0.029911138106114468	0.12980421777557533
rs763136	G	A	-0.03043850569625889	0.12317487269320967
rs5761877	A	G	-0.05776931460011149	0.00343599530867769
rs2157465	A	G	0.05640311138250732	0.004282289206438202
rs134913	G	A	-0.042259982100811146	0.03233118991000752
rs760526	T	C	-0.02089239537318806	0.29000407217667423
rs1157613	C	A	0.010891043012196103	0.5812320972165028
rs5761940	G	A	-0.010861788139192963	0.5822478613685826
rs760529	T	C	0.01833877457933923	0.35300184538650126
rs4822848	G	A	0.024528231393281124	0.214143372794678
rs4822859	G	A	-0.002446919512326971	0.9013736549478824
rs6005312	C	T	0.005911970782908787	0.7646221508413491
rs134967	A	G	-0.02742791963743215	0.1647993857424317
rs13056281	G	A	0.0042610545838528925	0.8291400297699256
rs8143105	A	G	-0.003107475473196551	0.8749448454632575
rs2342401	A	G	-0.026489779534473748	0.17972674946060507
rs1519221	G	A	0.007195105400104588	0.7155577839168328
rs498789	C	T	0.004790444834169759	0.8083028464423418
rs5762042	C	A	0.03187841142367908	0.10641715831672341
rs738488	A	G	-0.0034076035462360012	0.8629808609589188
rs5762049	T	G	0.021260864112294123	0.28158120362446315
rs134794	A	G	-0.00840611641054428	0.6703011487638446
rs768784	A	G	0.04354420176749963	0.027430791968991855
rs1607498	A	G	0.00343400998178785	0.8619296842464432
rs490362	C	T	-0.03161892186403778	0.10929576548255908
rs849357	C	T	0.06768657345074928	0.0006079499903068815
rs2142619	T	C	0.0045024115442741704	0.8196241889764246
rs136944	A	G	-0.0014396875053728215	0.9418744200936628
rs733164	A	G	0.0023656363087956158	0.9046339674514018
rs2207361	A	G	0.004645028020134334	0.8140136952447969
rs6005451	C	T	0.009531110533473731	0.6293009554647242
rs5752554	T	C	0.027118784951723655	0.16961145521181886
rs5762182	C	T	0.0360702658076152	0.06772856504234405
rs12484788	A	G	-0.030104749507771953	0.12733893330849463
rs11913002	A	G	-0.01619976185245327	0.4119594112726096
rs2092741	A	G	-0.05189866184143107	0.008577477351897475
rs926833	T	C	0.04730204252238431	0.016590871752080242
rs737384	A	G	-0.014164695502052202	0.4731379623153157
rs8136304	A	G	0.032827228361857565	0.09640010376695808
rs16984937	C	A	0.01655695822082778	0.4017270007831977
rs5762235	A	G	0.03286258270712062	0.09604195742132002
rs4822907	T	C	-0.07168956279310053	0.0002825688815490368
rs960613	A	G	-0.012752100473827705	0.5183825263808443
rs9608633	G	A	-0.005617528075389613	0.7760238881931588
rs9613504	T	C	-0.0012983638967867719	0.9475715172721206
rs1885364	G	A	-0.003920909490733946	0.842593089802811
rs4820773	A	G	-0.013246399658874027	0.5023002321450579
rs1569950	A	G	0.02555332125014699	0.19560700386654806
rs134131	C	T	-0.015772094001118765	0.4244117396372227
rs5752628	G	A	0.018414360919033482	0.35102107125305326
rs6005605	G	A	-0.044910190060696555	0.022935111832770076
rs2267113	T	C	-0.06101231631165025	0.0020014346126456884
rs1016495	C	T	0.051641376916554564	0.008911770466275601
rs2143180	A	G	0.005201047652010288	0.7922335277800792
rs5762430	G	A	0.02638578940994221	0.18144137627735069
rs134529	C	T	-0.013741906855345924	0.4864474513540563
rs2144922	G	A	-0.026409582026289187	0.18104800795661424
rs6005863	G	A	0.018892201156948053	0.33866256312057075
rs6005868	C	T	-0.023176906709955442	0.24046967329279856
rs5762788	A	C	0.0023000894826320922	0.907264259539599
rs2239815	C	T	-0.0002680129136144885	0.9891700580129117
rs6005907	A	G	0.017099524078539388	0.38647942809088487
rs5762879	T	C	0.009208444558998505	0.6409511759000694
rs5762942	A	G	0.030971555459744896	0.11674581160948547
rs9613777	A	G	0.042069506769230894	0.03311839538290447
rs2294239	G	A	0.045889764414307845	0.020118786738319003
rs132274	C	T	0.005074773461748185	0.7971663373543663
rs132304	G	A	-0.005462291141098989	0.7820548092208011
rs132369	A	G	-0.009848695259651275	0.6179235732777046
rs3950176	A	G	0.055547089930847775	0.004904679682988942
rs713886	C	T	0.00431944298371267	0.8268356279199524
rs2744465	A	G	-0.014426158890377587	0.46500837375791493
rs2283857	T	G	0.02093837648956087	0.28894381963350035
rs4823044	T	C	-0.017249303361689273	0.38233325565431253
rs11549795	T	C	-0.06699014677416806	0.0006918932249233183
rs41162	T	C	-0.029634599905085497	0.133389478490833
rs737921	A	G	-0.0059036274648483515	0.7649445416736883
rs2108093	A	G	0.015010288231054445	0.4471299699069885
rs5753158	T	C	-0.030568210661273774	0.12158561546745199
rs4820864	G	A	0.03177161962416574	0.10759447375109814
rs2267161	T	C	0.040195362119391315	0.04177773225324047
rs4820018	A	G	-0.0004165517153634622	0.9831685915425912
rs9606756	G	A	-0.03243110074422642	0.10048642944115793
rs5749135	T	C	0.04590819822092334	0.02006881847413092
rs9306264	T	C	-0.01774140712861476	0.36890397929364716
rs5994328	T	C	-0.029688379913014738	0.13268629413156466
rs136369	C	T	0.055019345433107644	0.005328055839353318
rs4444	C	T	-0.050180641300708664	0.011039683529652901
rs742205	T	C	0.0019998955602951634	0.9193231367759997
rs9621114	G	A	-0.015272902565911092	0.4392213154291207
rs2413001	C	T	0.007026151159232481	0.7219564591839842
rs5753350	T	G	-0.04044098991958051	0.04054359348578376
rs8142410	A	G	-0.024569320823171207	0.21337680154850758
rs9609128	T	C	-0.05790547426172813	0.0033606007093182613
rs5753356	A	G	-0.07833171319339427	7.272972557824145e-05
rs1003480	A	G	0.060862838611175876	0.002053049624068464
rs5997872	T	C	-0.002442707274502281	0.9015425696613917
rs5753469	T	C	-0.010815715062746109	0.5838492523585411
rs2232183	T	C	0.006386070934231665	0.7463712355436829
rs2074739	G	A	-0.00420346162342633	0.8314144794022523
rs4820946	C	T	-0.04867116039160099	0.013701659029534491
rs11703808	A	G	0.011269654808643526	0.5681616554947144
rs5998115	C	T	0.033311421152921704	0.0915870971245506
rs5994434	A	G	0.010802914359008833	0.5842945383331746
rs1012068	G	T	0.019460900652744896	0.32432283653210836
rs5998165	A	G	-0.02007747977328976	0.30922926060750644
rs136410	G	A	0.019811013330611856	0.31569433735522334
rs136429	G	A	0.0009421031834373062	0.9619444977865609
rs136478	T	C	0.015050705065408012	0.44590756578370394
rs738203	G	A	-0.012595870693198978	0.5235203456838755
rs2179065	A	G	0.02804984686199907	0.1554308244780141
rs2068209	A	G	0.01494733776080171	0.449037692922444
rs7291681	G	T	0.04292287754578702	0.029715296393905792
rs2235168	A	C	-0.0625069335833705	0.001547020356315535
rs16990106	G	A	-0.0066206350310755785	0.7373930990137696
rs2076040	C	T	-0.06601319211315504	0.0008279048192792583
rs5753991	A	G	-0.06297996103298022	0.0014243418442571956
rs738268	G	A	-0.03866176189092617	0.05022332658854535
rs9609537	C	T	-0.025497616837819898	0.19658305286165934
rs1543320	G	A	-0.017138649404111864	0.3853937261679553
rs6518776	T	C	-0.009304224569418536	0.637483518612334
rs2076054	C	T	0.03995451259375466	0.04301859409867166
rs7291067	A	C	0.01125095541028263	0.5688038832127634
rs130459	C	T	-0.010822062861387552	0.5836284961231029
rs762909	C	T	0.04780413193894146	0.01547447586457957
rs5754137	T	C	0.0315662668356846	0.10988733234450357
rs1962222	T	C	-0.0018642198425404238	0.9247795329619255
rs5998551	C	T	-0.0308334565450235	0.11838555694780879
rs2051568	A	G	-0.02866103718346307	0.14662343411744633
rs131067	C	T	-0.01203356523536782	0.5422262792005661
rs743742	A	C	-0.05776153420755305	0.003440349633705113
rs4821089	A	G	-0.048505543796138986	0.014025740176982007
rs2008206	C	T	0.03985341211750355	0.04354867273485316
rs5994617	A	G	0.06527853456903494	0.00094609213073454
rs17503	G	A	0.030273300438945955	0.12522254506095373
rs5754289	T	C	-0.02770223341694172	0.160616070222093
rs242076	A	G	0.01656718585926082	0.4014362790348045
rs135029	A	G	0.0016732611449890803	0.9324651549929845
rs5754322	C	T	-0.07147924037240769	0.00029446028603613545
rs715555	T	C	0.0568872941913281	0.003962846354124448
rs137518	T	C	0.009004269209354402	0.6483693553147729
rs2081727	G	A	-0.06787590254231123	0.0005868260151501935
rs9609680	T	C	0.016902512025058308	0.3919746951821145
rs12159195	T	C	-0.04438256158437602	0.024589480051438396
rs2413163	T	C	0.01606295058870736	0.4159191535154596
rs13053449	A	G	0.05115807463759039	0.009571331472149194
rs9621631	T	C	-0.053951878408411924	0.0062867576901555955
rs8142672	T	C	-0.06048994800341987	0.0021871773347512456
rs137297	G	A	0.03202400657702776	0.10482853869932801
rs137326	C	T	-0.0185619243868804	0.3471744499110485
rs137343	G	T	0.025124430099152124	0.20321413369322305
rs1894487	C	T	0.05684751318382305	0.0039882521556693995
rs7289448	A	G	-0.015448742767458275	0.43397108243816096
rs5998822	C	T	0.01674887954971457	0.39629269311388393
rs5749598	C	T	-0.0027359100355660955	0.8897959318216344
rs9609757	A	G	0.05755526147659326	0.0035576384584664693
rs5998876	T	C	-0.05485849833906791	0.005463503820746427
rs715487	A	C	-0.006610777393534502	0.7377696977082815
rs2283904	G	A	-0.012147613669881636	0.5384055024779173
rs16992276	C	A	-0.0031399639269572726	0.8736483293674381
rs7287710	C	T	0.030752989240550484	0.1193492973920836
rs2267204	C	T	0.05097122860592395	0.009837765431540123
rs724776	A	G	-0.08091173260792583	4.1702016239787437e-05
rs760541	G	A	0.04666852751067516	0.018099989342347605
rs9306279	C	T	0.020939923514386734	0.2889081931392422
rs2283911	T	C	0.057899695073745816	0.0033637699088646922
rs130423	G	A	0.012207365966108632	0.5364091253684176
rs695504	C	T	0.012976294246386385	0.5110554243805852
rs9306281	C	T	0.03753506070401738	0.057302763445417536
rs240590	A	G	0.03695551840689444	0.06125602856345048
rs4821173	C	T	0.026024836111161805	0.1874871112694192
rs2016485	A	G	0.004358795396387092	0.8252833545865861
rs7285897	C	T	-0.00273540840361552	0.8898160089026806
rs240080	A	G	0.06726370966370546	0.0006577110230372418
rs2283933	C	T	-0.003064732694320465	0.8766510916470751
rs8142640	C	T	0.0028225734896813125	0.8863284262945502
rs239330	G	A	0.022956346609231	0.24497429328033504
rs491508	C	T	-0.03972021061316214	0.04425547379920091
rs238857	G	A	-0.03795809917933457	0.05455300617964132
rs686137	C	T	0.014109413366417644	0.47486679111464336
rs1018786	C	A	-0.05835056447132355	0.003124535432961805
rs2267296	G	A	0.044998423802501714	0.022668106828230554
rs2253085	C	T	-0.02301605514960911	0.24374902872707738
rs1009730	T	C	0.06231972027281461	0.0015982064245296465
rs7287612	T	G	-0.007195307167631474	0.7155501543572205
rs2213360	G	A	-0.03858936557938993	0.05065506370837099
rs12628949	A	G	-0.029475861337897896	0.13548184035247668
rs4820125	A	C	-0.009285210624317843	0.6381712791399403
rs20065	T	C	-0.04016338048690534	0.04194073757738806
rs5749711	A	C	0.01174245875122604	0.5520396370665791
rs2213325	T	G	0.00541051096162324	0.7840693954569732
rs243001	C	A	0.06341461534561765	0.0013195862463444312
rs387332	A	G	0.06810739632892522	0.0005619262801679243
rs5755023	G	A	0.011888087297733956	0.547119530932982
rs5755038	T	G	0.0472633568952832	0.016679753655619193
rs17824280	T	C	-0.013909796243984881	0.48113815746436095
rs2223271	G	A	0.010721255756435006	0.5871388315174386
rs5755093	T	G	0.005096675402670429	0.7963101669753433
rs137260	G	A	-0.003916969906519784	0.8427491815511241
rs5755407	G	A	0.04191079817938128	0.033786787839436616
rs5755436	T	C	-0.034401003656096656	0.08146167372583138
rs5750007	T	C	-0.05111179779888285	0.00963671372715781
rs1013513	A	C	-0.02706030063178575	0.17053357068957442
rs5750033	T	G	0.021973490246304385	0.2657661430148489
rs5999687	G	A	0.02078664374249849	0.29245246635182487
rs11089728	T	C	-0.03488821936210666	0.0772378092844322
rs9610221	A	G	-0.03986966068879474	0.04346310978385264
rs2103642	A	G	0.0446797316569661	0.023645427643529594
rs1053593	G	T	-0.009110604652617867	0.6445015188912855
rs138780	A	G	0.029972923902250828	0.12901349616238164
rs10483190	A	G	0.023940351527628988	0.22532909526868095
rs138786	T	C	-0.01909544617996046	0.3334916947728689
rs138794	G	A	0.0037986242516408284	0.8474410528300642
rs4359744	T	C	-0.020236350018768924	0.30541663971269084
rs743815	T	C	0.015858974669800945	0.42186439285150523
rs133431	A	C	-0.0006740088140190877	0.9727689125342609
rs909704	C	T	-0.04338275344811928	0.02800934144508557
rs9610308	T	C	-0.06840833309298476	0.0005310271007301378
rs713968	G	A	-0.007631097725411553	0.6991387899244205
rs5750112	T	G	-0.06110770871011941	0.0019691207677707016
rs13054394	G	A	0.007182259785961118	0.7160435814786986
rs4820204	A	G	0.029355912375530823	0.1370796574658789
rs738370	A	G	-0.05862407632511987	0.0029870745459925647
rs5755821	G	A	0.012472554435573284	0.5275941303715717
rs7291883	A	G	-0.059229087827009974	0.0027024008616170136
rs9610342	A	G	0.019216535892320696	0.3304353309385737
rs2051579	T	G	-0.015836988352856265	0.4225081844128886
rs5756047	A	G	-0.023196724610794982	0.2400677976458221
rs9607308	A	G	0.03115035906578184	0.1146493121408459
rs132653	G	T	0.021224084024111353	0.28241442836063024
rs2239831	C	T	-0.04003519831437786	0.042599474173213026
rs9610448	G	A	0.03604902403093335	0.06789053377449805
rs9610467	A	G	-0.0025767112650529308	0.8961711086957291
rs136148	C	T	0.013096619517580914	0.5071453821129555
rs136159	T	C	-0.002086226230448165	0.9158531835871723
rs713753	C	T	-0.030065338364543556	0.12783778604670434
rs136175	G	A	0.003038827643520249	0.877685473237977
rs136176	G	A	0.0017054407960662408	0.9311695415286361
rs1005570	A	G	-0.004248761897966537	0.8296253705384691
rs6000262	A	G	-9.314051629684674e-05	0.9962362499303278
rs9610498	G	A	0.00201113766992549	0.9188711858107852
rs9610510	A	G	-0.002875733920695151	0.8842024877507031
rs2277841	T	C	0.002553168146014955	0.8971144815547246
rs1569488	C	T	0.0411310859244079	0.03724047393560598
rs2267341	C	T	0.03352087174071091	0.08956584430969361
rs2283981	C	T	0.017519153764644513	0.37493244075459375
rs2283985	G	A	0.024759565936827526	0.2098533664697544
rs4821506	T	C	0.004224084666687672	0.8305998749857072
rs4821512	A	C	-0.014955460677935501	0.44879126753705734
rs5750306	C	T	0.014850226026800502	0.4519897160844678
rs2269511	T	C	-0.002218986639540071	0.9105201954065433
rs6000449	C	T	-0.04155718023617731	0.035317618114028324
rs10854693	G	A	0.017343840089224984	0.37973039491882
rs729749	T	C	0.004986301497952794	0.8006272759902548
rs5750326	A	C	0.03081802407420804	0.118569913959982
rs5756390	A	G	-0.005027846053457214	0.7990016007415189
rs2075726	G	A	-0.020070106630797765	0.3094069642008437
rs17811365	G	T	-0.0033970941417523753	0.8633992826878365
rs909486	T	C	0.021947438047802473	0.26633331733928634
rs1534882	A	G	-0.007190905795428134	0.715716592600539
rs5756437	A	G	-0.005741493787090501	0.771217507498616
rs9610624	C	T	0.014618639000061877	0.45907364152504226
rs5756477	C	T	0.027396455871080225	0.16528440848194637
rs5750370	A	G	-0.018465320477696907	0.3496896366561739
rs5756504	T	C	-0.06309766588527634	0.0013952417071854076
rs228909	G	A	0.02491548841150273	0.20699716409322144
rs926331	T	C	-0.03420952938964086	0.0831721293310479
rs5995385	T	C	0.002131203586111841	0.9140460059282695
rs3218295	T	C	0.02668255674431319	0.17658007416462507
rs2281094	T	C	-0.014263804990486757	0.47004721680561423
rs1003694	T	C	-0.006327766051662416	0.7486083109846069
rs228979	T	G	0.03658881640629361	0.06387219127921565
rs2051582	A	G	-0.01951153964804202	0.3230654309420612
rs12167757	A	G	0.03140717426471488	0.1116900814062022
rs5756536	T	C	0.037784420222924275	0.05566830733245856
rs5756562	C	T	-0.009040200396454959	0.647061329023275
rs933222	T	C	0.039201712870367	0.04709962485403941
rs8139798	G	A	0.034962401800870825	0.07661063164682647
rs5750402	A	C	0.03838072759483742	0.05191670648492395
rs9610698	T	C	0.014859689805113525	0.451701552523737
rs7284821	A	G	0.029758417215081122	0.1317748497850433
rs8141057	A	C	-0.004337302355031213	0.8261310728661369
rs2239822	T	C	-0.019784191113105535	0.3163499869885067
rs2284051	T	G	0.012807123250447139	0.5165792570195089
rs5995416	C	T	0.043668171671843205	0.02699357149313937
rs9610713	C	T	0.05193131190735994	0.008535866422585931
rs4821633	A	G	0.005708425586378693	0.7724987728047619
rs4821638	G	A	0.007354544916020722	0.7095377151194957
rs4821651	T	C	-0.007510223330852955	0.7036770990339731
rs2071856	A	G	0.05141869962752155	0.009210440723614962
rs4821653	G	A	-0.047785887473556485	0.015513854837022351
rs6000711	G	A	-0.022577701668602294	0.25284498955046797
rs7285729	G	A	-0.026787653776008138	0.17488197742502476
rs2097455	T	C	-0.02178765769676148	0.269830062932236
rs5750446	A	G	0.0352459035690507	0.07425190846281068
rs2235334	T	C	-0.0331370656224455	0.09329749260385625
rs8140025	G	A	0.05235384646179759	0.008013417379805694
rs6000764	C	T	0.07792618801486519	7.925677901492017e-05
rs1079982	T	G	0.007280193129548229	0.7123428381518406
rs8137687	A	G	-0.006096820915407812	0.7574899871009603
rs2235336	G	A	0.07471638659476927	0.00015428232599889557
rs9610841	A	C	-0.013995975704890666	0.4784251419712058
rs742395	G	A	0.035906649011790484	0.0689843861726024
rs3952	G	A	-0.014977992486882984	0.44810812070346195
rs132930	G	A	0.02686421352776534	0.1736526639193855
rs4821738	T	G	0.01891330827247499	0.3381231831078264
rs7289126	A	C	0.05354853834791027	0.006687655125610577
rs135737	T	C	0.028236135592393116	0.15270482264795243
rs1534891	T	C	0.005617013517675226	0.7760438565789315
rs1997644	G	A	-0.04347246857181504	0.027686562463275576
rs196074	A	G	0.02501597859835493	0.2051713895469337
rs9607537	A	C	-0.010042186485356484	0.6110362325366648
rs5757277	A	G	0.02722384126845936	0.16796444207217676
rs5757373	T	C	0.04203354478153557	0.033268847401707345
rs7288049	G	A	0.002028943816286416	0.9181554036561286
rs6001376	C	T	0.07294033940297442	0.00022064615175202763
rs1969643	T	C	-0.025610675510112046	0.194605763047906
rs2076101	G	A	0.0043005692120382895	0.82758035274694
rs139316	C	T	-0.031614540155398246	0.10934489669891435
rs738469	G	A	-0.05053155015757673	0.010490966665005404
rs79290	G	A	0.004883160400918632	0.8046669993658163
rs5757611	T	C	-0.05654946687391322	0.004183351008355725
rs137684	T	C	-0.03250642481515329	0.09969895694342298
rs2413599	A	G	0.0029183680628665025	0.8824981075110709
rs5757777	G	A	-0.03854229593759243	0.05093742920050612
rs6001679	G	T	-0.022942131386389404	0.24526663628779766
rs137972	A	G	0.04327327731997434	0.028407606593157424
rs137980	T	C	0.014793815434259273	0.4537095224008675
rs713883	G	A	0.046107652479466674	0.019535048975407403
rs6001762	T	C	-0.004237764522324284	0.8300596248810082
rs11089975	T	C	-0.02040045358268083	0.30151130262862413
rs12484776	G	A	-0.03041358134542981	0.12348211725494879
rs12484697	A	G	-0.04117606534566173	0.037033372686683774
rs17001868	C	A	-0.04178889457047581	0.03430798002340567
rs9611367	C	T	-0.009039005236370867	0.6471048197145521
rs133076	T	C	0.04270228306989312	0.030564836156474526
rs1884276	T	G	-0.009062301755882282	0.6462572998093055
rs138352	T	G	-0.04693320094178469	0.017455466484892712
rs138354	T	C	-0.046241972507363824	0.019182614737743055
rs1005402	T	C	0.050296159946185026	0.010856294908902938
rs4821995	A	G	0.018781324549123825	0.3415050142657904
rs5758211	C	T	0.025391060870211563	0.19846004857044486
rs3818003	T	C	0.038112171553083406	0.053579271730167424
rs139507	C	T	-0.004850646108213141	0.8059415729206566
rs2235852	T	G	0.04224811783863193	0.032379750616997716
rs139568	C	T	0.04185996934683347	0.03400327495107663
rs17002737	T	C	0.015760986829395265	0.42473804962197836
rs1062753	A	G	-0.025557568051004505	0.1955327377045495
rs134904	A	G	-0.002650766376257476	0.893204683271526
rs9611766	A	G	-0.0154234976597548	0.43472261288603653
rs4822104	T	C	0.004500497150077016	0.8196995642540068
rs739150	C	T	-0.003043628016701722	0.8774937798310646
rs9620039	T	C	0.028981921373028945	0.14215490696351524
rs6002695	A	G	-0.01624860562087282	0.41055115533906283
rs733278	C	A	0.0016412238524549034	0.9337552146055759
rs8139063	C	T	-0.03946916274807308	0.045613929682594104
rs8139123	C	T	0.018894299443070237	0.338608917934468
rs5758731	T	C	0.005175443330676746	0.7932330770074227
rs5996168	T	G	-0.02508128150268921	0.2039912141108957
rs2839705	G	A	0.03212770389217414	0.10370859907394923
rs4822135	T	C	-0.014479782234053837	0.4633507331431944
rs5758756	G	A	-0.012143018767896589	0.5385591764100703
rs137085	C	T	-0.028010340153864537	0.15601365340174214
rs130334	G	A	-0.05525769719887458	0.005132914251005382
rs3788594	A	C	0.018302983707835917	0.3539422228404513
rs5751341	C	T	0.0412104515470583	0.03687570857619495
rs5758894	A	G	-0.027387611644608432	0.16542093795321144
rs9607931	A	G	-0.0372826529016218	0.05899764774617511
rs2413716	C	T	0.0213232521634849	0.2801716677566972
rs5759070	G	A	0.003736514088796433	0.8499056168723842
rs7349054	G	A	0.041313702661777064	0.03640572325433175
rs5996262	G	T	0.04432763136982231	0.024767513684275332
rs2076156	G	A	-0.01569978203818687	0.42653877103520277
rs5759143	T	C	-0.014542759317177996	0.4614081551055176
rs8141749	T	C	-0.011248690910424708	0.5688816806230401
rs5759197	C	T	-0.017655320246333827	0.3712318337236111
rs2071724	A	C	0.0424629423431722	0.03151008276459992
rs5759219	T	C	0.01720950612951142	0.38343224874218107
rs139021	A	G	-0.013678391984210145	0.4884642569684452
rs739094	A	C	-0.027416524554863497	0.16497492019302096
rs5759225	A	G	-0.024680494738153962	0.21131265549827183
rs139028	T	C	0.016312997125054615	0.40869900632457556
rs5759250	C	T	0.026951227912900767	0.17226333370262836
rs5759291	T	C	-0.02304436637781103	0.24316956788724053
rs743029	A	G	-0.023751608555330383	0.2290073161993259
rs4822289	G	T	-0.027422710651860825	0.16487960960124592
rs135044	A	G	0.04282748314303857	0.030080149034406114
rs20195	C	T	0.007978375476311379	0.6861601857030255
rs9614382	G	A	-0.005914366370047104	0.7645295914465805
rs767249	G	A	0.0026255824191879122	0.8942133114758845
rs5764236	G	A	0.01787146678204964	0.3654043330778327
rs9968041	C	A	-0.013253296692071998	0.5020777152292409
rs138060	C	A	0.02024146634045789	0.3052943770019829
rs5764372	A	G	0.028969898905002504	0.14232042024772348
rs739231	G	A	0.017061497229274622	0.3875364349519339
rs2401203	G	A	0.019134434739622435	0.3325056194833369
rs713964	C	T	0.02486739263445338	0.20787516165081898
rs4823103	G	T	-0.009416199741285386	0.6334395684805685
rs2896019	G	T	0.043371927050429346	0.028048511365038283
rs5764058	A	G	-0.011003856458648861	0.5773228629803929
rs1018795	C	T	-0.0013356414180272199	0.9460684977409499
rs5764066	A	G	0.0004671410724528158	0.9811248119940835
rs1004529	G	A	0.04080821530405434	0.038756218486608186
rs130311	G	A	-0.04434638185325857	0.024706616618698943
rs738479	T	C	0.06395447803653917	0.001199379828701078
rs8140244	G	A	0.006393939151201641	0.7460695063981853
rs6006486	A	C	0.04895623862835707	0.013159281804372926
rs1535009	C	T	0.03811837341017539	0.05354038194339893
rs2267614	T	C	0.044517570661710276	0.02415660841985472
rs5764558	A	G	-0.042520514638094954	0.03128044703737219
rs139072	A	G	-0.06942968832973241	0.00043756644848045516
rs9614207	G	A	0.08166023083714793	3.53797062731748e-05
rs9614362	A	G	0.07207611605888917	0.0002618784678496061
rs139124	A	G	-0.039981679371217806	0.04287708944180948
rs16991639	G	A	0.06009386617665792	0.002338405863234167
rs470111	G	A	0.07275077985534889	0.00022913083242838742
rs755944	A	C	0.026914283046655937	0.17285220112652366
rs139240	A	G	0.056476615844469585	0.004232337052274009
rs135396	A	G	-0.023119180139690807	0.24164297706641114
rs3935378	T	C	0.021553263200058827	0.2750164829239853
rs9614891	G	T	-0.03577078547997515	0.07004167212477373
rs5765896	C	T	-0.046714684549064286	0.017986111081245613
rs743864	T	C	-0.007059138070919865	0.7207056252243489
rs16992075	A	G	-0.005449775144980373	0.7825416295809198
rs8138173	A	G	-0.011889443965143303	0.5470737977239055
rs1557553	T	C	0.05723608062939376	0.003746310849399291
rs5764925	A	G	-0.036477185844428585	0.06468668111457777
rs4823353	T	C	0.0026589302301214175	0.8928777544348501
rs4426	A	G	0.013038140693210071	0.5090437217742284
rs2071815	G	A	0.011928742277976178	0.5457498747954033
rs135905	G	A	-0.029618025513317613	0.13360677233289817
rs135924	A	G	-0.008933445426791153	0.6509507759026654
rs135938	G	A	-0.00095710636789907	0.9613389269862739
rs8135880	T	G	-0.034525288526014185	0.08036678381292248
rs133795	C	A	-0.042334686622019974	0.032026853692685514
rs2076096	T	C	0.0002583572607233792	0.9895602036967662
rs2349623	G	A	-0.024436300910534198	0.21586563181448704
rs2349634	G	A	-0.04773510488548109	0.015623929022077735
rs138601	T	C	0.02834022046301798	0.15119765125749493
rs6007211	G	A	0.01213471114551504	0.5388370760329566
rs4823246	G	A	-0.02149013100486516	0.27642495913969733
rs9614840	A	G	-0.0300102261665223	0.12853792431947156
rs136890	A	G	0.04121776530957449	0.03684224808454799
rs136899	A	C	-0.03535703081145213	0.073343675398804
rs136904	T	C	-0.019258875583246286	0.3293709475562163
rs9614882	T	C	0.005097616190878141	0.7962733960378312
rs2097535	T	C	0.023209006357724268	0.23981898097259025
rs5765930	A	G	-0.007389368130207113	0.7082252646739766
rs132405	G	T	0.022273613252727986	0.25929221189754503
rs3329	G	A	0.033672439103745316	0.08812570175985478
rs3747221	C	T	0.044844883158882055	0.023134493069110158
rs4823376	G	A	0.02608713049594225	0.18643323579394433
rs5766005	G	A	0.003822970844147617	0.8464753726782899
rs9626245	G	A	0.04577394207624123	0.020435235912271893
rs1076933	G	A	0.03371204619118109	0.0877524616376354
rs13053938	T	C	0.02156554829623661	0.2747429734845923
rs9614576	C	T	-0.022962226067946248	0.2448534508453888
rs8138412	G	A	-0.06409113761444578	0.0011705989073026838
rs5766113	A	G	0.04479472251881076	0.02328865328320762
rs3747226	G	A	-0.012584608535168114	0.5238917233083982
rs4823262	G	A	0.0160805175422656	0.41540945752652236
rs4823421	C	T	-0.029227605862271806	0.13880485269997786
rs4514991	G	A	0.009973662595789058	0.6134714570783772
rs5766213	G	A	0.0022019883872932975	0.9112027956569562
rs6006911	A	G	0.0007289470712270683	0.9705502849443065
rs131992	T	C	-0.008286737008280812	0.6747129060212289
rs1005617	T	C	-0.017080424346057065	0.38701011044408307
rs132039	C	T	0.010622002944584319	0.5906045637797299
rs5766358	A	G	0.020241639608377514	0.3052902370556968
rs2057114	C	A	0.004049638726247459	0.8374960975735568
rs8136226	T	C	0.020797534107791574	0.29219968997818024
rs6006926	T	C	-0.05253958584792656	0.007792957999014292
rs5766414	A	G	0.0195564403169728	0.32195317455314765
rs723553	A	G	-0.05180528019189947	0.0086974905688913
rs9306489	G	A	0.034157507436282104	0.08364183867165867
rs5766536	A	G	0.07433802696208307	0.0001666084110694969
rs2294196	T	C	0.07005845490278215	0.0003879199235571211
rs6006959	G	A	0.04112282571151218	0.03727861385292555
rs2742648	C	T	0.008749049007689861	0.6576913508120705
rs2742630	G	A	-0.02796219351866448	0.15672618417678663
rs4823458	G	A	0.02332693097354153	0.2374391892032358
rs104664	G	A	-0.0004629167457946425	0.9812954676910074
rs6006753	A	C	-0.03569645442542939	0.07062571957222555
rs6006756	G	A	-0.03415345320624137	0.08367853460269888
rs5765425	A	G	0.011596933073632285	0.5569778729648865
rs713896	G	A	0.05146609255909301	0.009146135911842867
rs2238810	A	G	0.0007916795961980023	0.968017173170792
rs136723	A	G	0.05657380226099321	0.004167102521317164
rs129752	A	G	-0.015131979321593589	0.4434552036981616
rs743931	G	A	-0.004310707791728699	0.8271802834484063
rs739215	G	A	0.03185542047746577	0.10666975319565951
rs3788654	A	G	0.000685001933116554	0.9723249487961632
rs3788658	A	G	-0.0014728319897923735	0.9405387051823507
rs16994329	T	C	0.015997563788969882	0.41781955954191485
rs5765545	C	T	-0.030994131304044374	0.11647945729410415
rs2301449	T	C	-0.03491947397712011	0.07697305806203776
rs136033	A	G	0.018966945809104567	0.33675499109850104
rs5765681	T	C	0.01284494853733693	0.5153414917851883
rs28421618	C	T	0.011775882383492808	0.5509084905675601
rs6519955	T	G	-0.022296125694516014	0.2588110400846636
rs7291412	T	G	-0.022709086884190998	0.2500942308192159
rs9616084	T	C	-0.026416611810871952	0.18093190430945116
rs910923	G	A	-0.03653880395997143	0.06423604363178732
rs4823613	G	A	0.045164487869822974	0.02217289849202091
rs4253728	A	G	0.04847809530022756	0.014080100485342736
rs4253772	T	C	-0.009795525257652614	0.6198220971451862
rs4508712	G	A	0.03721377806455026	0.059467293792885435
rs4044210	C	T	-0.005021983798795057	0.7992309433464446
rs6008817	T	C	-0.03560604453138332	0.071341482385747
rs6008826	G	T	0.021813337344326767	0.26926595749693105
rs760991	A	G	-0.006526911025735745	0.7409762449822936
rs6520023	T	C	0.010095370488129897	0.6091491208730534
rs5767244	A	G	0.010492294568655351	0.5951478866727653
rs138481	G	T	0.003949487298366163	0.8414609832514504
rs885792	C	T	-0.03629581982532207	0.06602824311537824
rs801721	G	A	-0.025313265379082107	0.19983867839753156
rs743035	G	A	0.01983440148979951	0.31512335962886984
rs6008957	G	A	0.05097633974244795	0.009830390155172992
rs761906	G	A	0.08622771235039522	1.2592208618498608e-05
rs974226	C	T	0.03249327283573	0.09983609797292878
rs136101	C	T	0.0662577323674544	0.0007917075082898613
rs4437	A	G	0.052207368419702055	0.008191197309999275
rs4823464	G	A	0.02857624178496379	0.1478220300936304
rs9615461	T	C	0.008336029381345474	0.6728899024324424
rs738665	G	A	-0.006896174620736618	0.7268922628654166
rs738669	C	T	-0.011172566729449388	0.5714998975003633
rs754890	A	G	-0.038501105050388715	0.05118560909781375
rs4823603	G	A	-0.025817751172595223	0.19102211228132804
rs875029	C	T	0.01670019046617478	0.39766712003129734
rs4823617	C	A	0.018889951872974337	0.33872007480460886
rs8140251	A	G	0.02698578700852268	0.17171385299969077
rs136636	T	C	0.040547063673314225	0.04002026786925042
rs6008118	C	T	-0.0016048367246948075	0.9352206417838449
rs2187793	T	C	0.03015095303007841	0.12675603499837557
rs5767676	T	C	-0.011084725262797586	0.5745282231838051
rs6008150	A	G	-0.0018244883415941312	0.9263780747349646
rs131853	T	C	-0.015556971276569246	0.43075771202085755
rs4823482	T	C	0.01584733271095049	0.42220521478516027
rs763031	T	C	0.024819167912009592	0.2087582216321473
rs2027855	C	T	-0.01208556291967636	0.5404826105410873
rs929048	G	A	-0.023052121973110098	0.24301099910837143
rs5767791	T	C	-0.004420794933742435	0.8228391429842965
rs130481	C	A	0.010650448143502498	0.5896103457417514
rs6007694	T	C	0.01640213632675033	0.4061432436509528
rs13056610	G	A	0.009859955277347301	0.6175218421408604
rs131100	C	T	0.0029593035609238676	0.880862145459
rs132125	A	G	-0.022874148930020755	0.24666811239681996
rs738738	G	A	-0.009727348464279644	0.6222601757207202
rs9626773	A	G	0.004176708998821554	0.8324714703508923
rs5767992	T	C	-0.0032594761100102026	0.8688819042380965
rs11703828	T	C	-0.023732381599189525	0.22938439576521863
rs4823703	T	C	0.011392886676915183	0.5639379754293974
rs738744	T	C	-0.045798052816584195	0.020369005177727932
rs738733	A	C	-0.044778225306343324	0.023339549182031537
rs5768148	C	A	-0.05414059555842668	0.00610672066150243
rs9615234	A	G	0.005474349017567562	0.7815858885449958
rs5766958	A	G	0.0057005962740170136	0.7728022194516214
rs9615717	G	A	0.00020093295647194813	0.9918805348001657
rs9615252	A	G	0.01556760247499605	0.4304428115962431
rs5768311	G	T	-0.009089650404858174	0.6452629502816825
rs9627236	C	T	0.010697501909275707	0.587967416198754
rs6008549	A	C	-0.02942803405508548	0.1361172052551814
rs5768350	A	G	0.03663122190224667	0.0635650162990683
rs9626807	A	C	-0.013777237131953807	0.4853275505616764
rs16998380	C	T	-0.0321499553944938	0.10346952455833516
rs131127	C	T	-0.033301944131584216	0.09167941274188077
rs2338671	G	A	0.03445434034224129	0.08099032949048342
rs131137	C	A	0.03270500013797367	0.09764653896504279
rs133528	G	A	-0.011603674388004526	0.5567486401370982
rs738184	C	T	0.011261699129832657	0.568434849561805
rs2013591	G	T	-0.02408410986943479	0.22255597843225816
rs133580	C	T	0.013347189265109888	0.4990536824225459
rs909502	T	C	-0.020542569128214148	0.2981562173955725
rs11702956	T	C	0.06079285565066862	0.002077632181678099
rs133616	G	A	-0.03244554052717138	0.10033508642242044
rs4396	G	T	-0.04161187360508857	0.03507704678486647
rs133662	G	T	0.0012892481772419546	0.9479390892077229
rs1883131	A	C	0.0015779061768411615	0.9363053635707188
rs12106638	T	C	-0.013614927888732534	0.4904839442036276
rs7293013	A	G	0.048893993595095726	0.01327605907952171
rs9627347	G	A	0.005250408259479447	0.7903075382388496
rs4823776	A	G	0.025384111290625656	0.19858291988415244
rs9615893	C	A	0.03745051362571475	0.05786591801034859
rs5768643	T	C	0.01289671943754314	0.513649880588793
rs9615905	T	C	-0.029113046979001918	0.14035928659314484
rs10460766	A	G	0.0016744603649589192	0.9324168689030936
rs9615919	C	T	-0.0225531295786342	0.253361776333935
rs5767194	G	A	0.004675112047490484	0.8128314050033126
rs28619115	A	G	0.020967655542474116	0.2882700533154924
rs8142256	T	C	0.009989527589375363	0.6129072608134971
rs9617493	A	G	-0.03447602339136946	0.08079934725763074
rs10483243	A	C	0.013161237320235858	0.5050520920575959
rs5771710	A	G	-0.011301475441946401	0.5670695791418454
rs5771716	G	A	-0.0036730747352083145	0.85242443870203
rs4925435	A	G	0.017841597735809726	0.3662062104695798
rs130132	A	G	0.013923906988781442	0.48069336444157507
rs4925446	C	T	0.03142717330474605	0.1114621892327719
rs132231	A	G	-0.03935019423898934	0.04626985630704577
rs130191	T	C	0.015941193455481853	0.41946200891304863
rs13056461	G	A	0.03825160547389504	0.05271060380449147
rs131025	G	A	0.041183168104510434	0.03700075888530672
rs2337497	T	C	0.006918286386508726	0.7260517708324234
rs5771851	G	A	0.007501076532978075	0.704020954021638
rs9617458	T	C	0.001693413628383345	0.9316537568310335
rs5771862	G	T	0.07094721869338344	0.00032666587040894464
rs7511364	G	A	0.03487225887043546	0.07737329315824278
rs7284992	G	A	0.01000424931768065	0.6123839268435489
rs28444486	G	A	-0.05900580716108863	0.0028044407118358937
rs4075230	C	T	-0.05491816813651265	0.005412897880299866
rs6009352	C	T	-0.0022069043218620773	0.9110053792992724
rs7284528	T	G	-0.004504031734454783	0.8195603986701459
rs6009715	A	G	0.05656995773502648	0.0041696656574661565
rs5770581	A	G	-0.025471302168504482	0.1970453753425102
rs742976	C	T	0.01912234773453185	0.33281111516804507
rs5769389	A	G	-0.018937815976103955	0.3374975956464671
rs6009399	T	G	-0.049785537228719645	0.011687899151496112
rs910308	T	C	-0.025347916943058414	0.19922374950036392
rs926761	C	T	0.009598522875999669	0.6268784372928441
rs135230	G	A	-0.04404839949438544	0.025689893144806263
rs1547426	T	C	-0.019862940108115037	0.3144275629122649
rs6009503	A	G	-0.01684795541235184	0.39350478594946436
rs5769440	G	T	0.05267541450456285	0.0076351956032523665
rs940114	A	G	-0.057277780549287574	0.003721155403447335
rs7286313	G	A	0.0005130622642940504	0.9792697304163611
rs848728	A	G	-0.041130394011936335	0.037243667430893364
rs848726	C	T	0.004200522471503774	0.8315305898458215
rs737844	T	C	-0.03019733190823423	0.1261730153890481
rs708450	A	G	0.03856875162930509	0.05077856267807089
rs5770418	T	C	-0.030960437028028896	0.11687716477521903
rs136782	G	A	-0.013572132946668506	0.49184838475885395
rs8138283	G	A	0.016778993877295426	0.3954440437278538
rs714006	A	G	-0.039221789192480476	0.04698670432939514
rs134461	C	T	-0.048886912616768474	0.01328940149566588
rs916362	A	G	-0.028563918744645547	0.1479968395018288
rs8135992	G	A	0.011547943027819951	0.5586451188818186
rs6009845	G	A	-0.002173832806107616	0.9123335856500654
rs28479081	C	T	0.015491754144298589	0.4326923926943378
rs137878	A	G	-0.03482765465310561	0.0777529520317581
rs2294385	A	G	0.015454341241382246	0.4338045212890196
rs138270	T	G	0.0125523156201305	0.5249573534824092
rs5771086	T	C	0.0470240746218297	0.017238862163037685
rs5771259	A	G	-0.01902010706755027	0.33540246630082793
rs2076139	T	C	0.010758824697143248	0.5858294519664395
rs8142229	T	C	-0.0473793015043166	0.016414609901430503
rs4824157	C	T	0.00942303539148276	0.6331930537075312
rs8138406	C	T	-0.007205833714416414	0.7151521469913689
rs140522	T	C	0.019758268680947412	0.3169844906211614
rs3213445	C	T	-0.037315392815646435	0.05877548175118992
rs131718	C	T	0.021116573677883613	0.28485956999040085
rs9616802	T	C	0.009784680681482525	0.6202096328304478
rs739365	T	C	-0.025821371069297744	0.19095990122550288
